{"cameraMode":{"drawMode":0,"name":"Shaded","section":"Shading Mode"},"sceneLighting":true,"audioPlay":false,"sceneViewState":{"m_AlwaysRefresh":false,"showFog":true,"showSkybox":true,"showFlares":true,"showImageEffects":true,"showParticleSystems":true,"showVisualEffectGraphs":true,"m_FxEnabled":true},"in2DMode":false,"pivot":{"x":-0.032634735107421878,"y":7.232763290405273,"z":-2.7931013107299806},"rotation":{"x":-0.017475338652729989,"y":0.9389216303825378,"z":-0.048218049108982089,"w":-0.3402869999408722},"size":12.100001335144043,"orthographic":false}